-- phpMyAdmin SQL Dump
-- version 5.1.1
-- https://www.phpmyadmin.net/
--
-- Host: 127.0.0.1
-- Generation Time: Nov 11, 2023 at 09:20 PM
-- Server version: 10.4.19-MariaDB
-- PHP Version: 8.0.7

SET SQL_MODE = "NO_AUTO_VALUE_ON_ZERO";
START TRANSACTION;
SET time_zone = "+00:00";


/*!40101 SET @OLD_CHARACTER_SET_CLIENT=@@CHARACTER_SET_CLIENT */;
/*!40101 SET @OLD_CHARACTER_SET_RESULTS=@@CHARACTER_SET_RESULTS */;
/*!40101 SET @OLD_COLLATION_CONNECTION=@@COLLATION_CONNECTION */;
/*!40101 SET NAMES utf8mb4 */;

--
-- Database: `digiverse`
--

-- --------------------------------------------------------

--
-- Table structure for table `authcheck`
--

CREATE TABLE `authcheck` (
  `DeviceName` varchar(255) NOT NULL,
  `UserID` char(36) NOT NULL,
  `expired` timestamp NOT NULL DEFAULT current_timestamp() ON UPDATE current_timestamp()
) ENGINE=InnoDB DEFAULT CHARSET=utf8mb4;

-- --------------------------------------------------------

--
-- Table structure for table `class_forum`
--

CREATE TABLE `class_forum` (
  `ClassID` char(36) NOT NULL,
  `ForumID` char(36) NOT NULL,
  `UserID` char(36) NOT NULL
) ENGINE=InnoDB DEFAULT CHARSET=utf8mb4;

--
-- Dumping data for table `class_forum`
--

INSERT INTO `class_forum` (`ClassID`, `ForumID`, `UserID`) VALUES
('14c78ec5-9bb1-4cc8-9b0c-c6ac802a4ca7', '37ef1c07-d99f-4e2a-8d27-8f5f0a49a764', '4ae58729-b9bf-4eb0-bd1c-995c5ae3f170'),
('14c78ec5-9bb1-4cc8-9b0c-c6ac802a4ca7', 'b5d1c39c-cf15-4291-b8a8-f4fe745f661c', '4ae58729-b9bf-4eb0-bd1c-995c5ae3f170'),
('14c78ec5-9bb1-4cc8-9b0c-c6ac802a4ca7', 'd902958e-b521-4920-abbc-c11ff9ee64f0', '4ae58729-b9bf-4eb0-bd1c-995c5ae3f170'),
('7b18eec9-0745-40b3-b618-c13aff79e6a1', 'd3d532f3-06a1-4e45-b029-b82910015733', '4ae58729-b9bf-4eb0-bd1c-995c5ae3f170');

-- --------------------------------------------------------

--
-- Table structure for table `class_member`
--

CREATE TABLE `class_member` (
  `ClassID` char(36) NOT NULL,
  `UserID` char(36) NOT NULL,
  `Role` varchar(255) NOT NULL
) ENGINE=InnoDB DEFAULT CHARSET=utf8mb4;

--
-- Dumping data for table `class_member`
--

INSERT INTO `class_member` (`ClassID`, `UserID`, `Role`) VALUES
('14c78ec5-9bb1-4cc8-9b0c-c6ac802a4ca7', '4ae58729-b9bf-4eb0-bd1c-995c5ae3f170', 'Teacher'),
('14c78ec5-9bb1-4cc8-9b0c-c6ac802a4ca7', 'd64dafd6-c3ef-4a64-a585-a7eb3581c623', 'Student'),
('7b18eec9-0745-40b3-b618-c13aff79e6a1', '4ae58729-b9bf-4eb0-bd1c-995c5ae3f170', 'Teacher'),
('7b18eec9-0745-40b3-b618-c13aff79e6a1', 'd64dafd6-c3ef-4a64-a585-a7eb3581c623', 'Student');

-- --------------------------------------------------------

--
-- Table structure for table `class_task`
--

CREATE TABLE `class_task` (
  `ClassID` char(36) NOT NULL,
  `TaskID` char(36) NOT NULL
) ENGINE=InnoDB DEFAULT CHARSET=utf8mb4;

--
-- Dumping data for table `class_task`
--

INSERT INTO `class_task` (`ClassID`, `TaskID`) VALUES
('14c78ec5-9bb1-4cc8-9b0c-c6ac802a4ca7', '4c479560-765b-4664-8c4e-17b9d6b0eb53');

-- --------------------------------------------------------

--
-- Table structure for table `msclass`
--

CREATE TABLE `msclass` (
  `ClassID` char(36) NOT NULL,
  `ClassName` varchar(255) NOT NULL,
  `ClassDesc` varchar(500) NOT NULL,
  `ClassCode` varchar(10) DEFAULT NULL,
  `ClassSubject` varchar(255) DEFAULT NULL,
  `ClassImage` blob DEFAULT NULL
) ENGINE=InnoDB DEFAULT CHARSET=utf8mb4;

--
-- Dumping data for table `msclass`
--

INSERT INTO `msclass` (`ClassID`, `ClassName`, `ClassDesc`, `ClassCode`, `ClassSubject`, `ClassImage`) VALUES
('14c78ec5-9bb1-4cc8-9b0c-c6ac802a4ca7', 'fdsa', 'fdsa', 'fdsa', 'Database', NULL),
('7b18eec9-0745-40b3-b618-c13aff79e6a1', 'fjdskghflds', 'fdhsjakfhdjkslafdhjkshfjdksahfkljdsa', 'ABCDEFGHI', 'Web Design', NULL);

-- --------------------------------------------------------

--
-- Table structure for table `msfile`
--

CREATE TABLE `msfile` (
  `FileID` char(36) NOT NULL,
  `FileName` varchar(255) NOT NULL,
  `FileBlob` blob NOT NULL,
  `FileType` char(4) NOT NULL
) ENGINE=InnoDB DEFAULT CHARSET=utf8mb4;

--
-- Dumping data for table `msfile`
--

INSERT INTO `msfile` (`FileID`, `FileName`, `FileBlob`, `FileType`) VALUES
('3635b5da-ddda-4aeb-aa4a-ac8c47a23fc1', 'TUGAS GSLC AI Sesi 7.pdf', 0x255044462d312e370d0a25b5b5b5b50d0a312030206f626a0d0a3c3c2f547970652f436174616c6f672f50616765732032203020522f4c616e6728656e29202f53747275637454726565526f6f74203136203020522f4d61726b496e666f3c3c2f4d61726b656420747275653e3e2f4d6574616461746120313136203020522f566965776572507265666572656e63657320313137203020523e3e0d0a656e646f626a0d0a322030206f626a0d0a3c3c2f547970652f50616765732f436f756e7420332f4b6964735b20332030205220313120302052203133203020525d203e3e0d0a656e646f626a0d0a332030206f626a0d0a3c3c2f547970652f506167652f506172656e742032203020522f5265736f75726365733c3c2f466f6e743c3c2f46312035203020522f46322039203020523e3e2f4578744753746174653c3c2f4753372037203020522f4753382038203020523e3e2f50726f635365745b2f5044462f546578742f496d616765422f496d616765432f496d616765495d203e3e2f4d65646961426f785b20302030203539352e3332203834312e39325d202f436f6e74656e74732034203020522f47726f75703c3c2f547970652f47726f75702f532f5472616e73706172656e63792f43532f4465766963655247423e3e2f546162732f532f537472756374506172656e747320303e3e0d0a656e646f626a0d0a342030206f626a0d0a3c3c2f46696c7465722f466c6174654465636f64652f4c656e67746820313236323e3e0d0a73747265616d0d0a789cbd5adb4e1b49107db7e47fa8b79d2172bb2fd3379444c23641ac16c402521ed6fbe00487582226c1281729cab76fd58c0d36769b5e6ff722613ce3f6f49953d5d5e7d400dd8bcfa329bc7cd93de91f0f8077ff184dafa1184f3bc783f2f56be80dfaf0a5dde28cd38f73560007ed3553125c25989770376eb7deeec1b4ddea5db65bdd37028484cb0fed160de520c04ac66505563b660d5c7ec241471716ae67785db8ae8fdcfce8a8ddfaab381d95a6f834da8701bdf95a767c312eab020ecabfe1f2f776eb10a7f9b3ddfaafb044a5985f4655839963985edd951d53cffb0d4ef17584bff7654788e223bd9d4ec63769e148a99811213cb03a191c9ef40156632772c64e69e6e41aaad3b2638be352a8e2242d19349a07a7dd0769b8e44668c713e78411cc98d0bc1141903982e07913042131617700a5328232f857ac8112ec7954550254720d95df820a12270b77385960aeb3b2a38abbdb77a3d216ef26377434b9a7d71f70fb01cea9864ca630ba879351890327e35217bfcde02d1e50d1b9ba9a4caff7d3e2559c33ade2b8d914309db1c018639970bba0323951551593ebc5b88eedb0381f96f00ac38bc428a313e796aa9875210011b4d89cb448c15415a2e517a6ef79d991c5821e917add49aa8301109dd47319e64c68b2e437e6b74cf634eb94e15d552b92d4c92739269f8dbce94dc9e732269ff68ee9203b6f7e967e35fb7c57a41609ca62fe057044b0e373b26335d3eb2261999d5f4d06695c98e9a9c17aa55c08458c88cde940b496ccd82039c8cd2269c8730c0b4a1dd86bca3b7ef202dd080c0bf205a2f98496207db9fe3cf11a348e491d821cc3644e3fa0b152591d2c513f4bc1914f3a98133a2cce9ad2b5076744a16b3eae07ce972b32681ae6bb8017d24f42322cea38e005282c78b65b8f5d095e62bda414b33e74af3121c8e2061621e086f97f1302d1f5a9eba0a03ab819470c3d597cc99c9eca558cab9d60a5302621bb54a1c114ebea5b46f82591427f870c5300571ec714986cbb65ba18df90477a4f7d98099d452a0e47f3331fa14745e4f63b1c4dbe927f426b452da3bab4d47e8a060859b7716eea4ba73657784fca47f2b831bc398d4ca51c13bb6dc8398d4425349116a8610718dc45f19a9fea3d39eee331edc7af28d802e570da74f5a8665408650c793985b0f29255cf6c0007b827ea66536d284a6d582aa65d08490c4139b5b0329efa1d5b09eaad18d5ae4cbd432a266508484c3b31a71c5695a18ef3567efacbfca4360b5291dd0dc0886127a7c455842ecccea32cc5b283a254e04ac305f6825e16e748e6624ed5d6413f9ee6e9bd82a13a15401c43644ea14a6d47b7b5c82fbb80c772de5806dcb579b15ccbf6e0e19b9d8a343f8eafddc0597d018a4cea073396191fba8d187673ea5c692df3414fdb5ba176c9893dd2baa880b531ebd5360c7985070f96814fcdd0c70580c7f09945a02ff8d49af1e0aeda7f9ecffe329ffdff91cfcdc063f8ccd9d8974a3211dc84c3ab5f261773b8173b19c21343534e812eb967419636ace2f45ab7912a9b71c4b093d3270867a8ad18bf28f32895008c1876721a016114ab767a4824b3c8ef79ab43547c53835c45b43a540ad91b6a750470e569750426dbdeea1860559cccc6d4dc988d4b55cca0de5e1e5a1b4b5d8d0bfad2e7dbfb59f267c596ca641c571b4398539b0b6199dd0d564ea5eb2bdc61828fa6068bbdee80fe6be6a152319bfec9b170212c9b28fa074c8c88ad0d0a656e6473747265616d0d0a656e646f626a0d0a352030206f626a0d0a3c3c2f547970652f466f6e742f537562747970652f54727565547970652f4e616d652f46312f42617365466f6e742f54696d65734e6577526f6d616e50534d542f456e636f64696e672f57696e416e7369456e636f64696e672f466f6e7444657363726970746f722036203020522f4669727374436861722033322f4c61737443686172203132362f57696474687320313134203020523e3e0d0a656e646f626a0d0a362030206f626a0d0a3c3c2f547970652f466f6e7444657363726970746f722f466f6e744e616d652f54696d65734e6577526f6d616e50534d542f466c6167732033322f4974616c6963416e676c6520302f417363656e74203839312f44657363656e74202d3231362f436170486569676874203639332f4176675769647468203430312f4d6178576964746820323631342f466f6e74576569676874203430302f58486569676874203235302f4c656164696e672034322f5374656d562034302f466f6e7442426f785b202d353638202d3231362032303436203639335d203e3e0d0a656e646f626a0d0a372030206f626a0d0a3c3c2f547970652f4578744753746174652f424d2f4e6f726d616c2f636120313e3e0d0a656e646f626a0d0a382030206f626a0d0a3c3c2f547970652f4578744753746174652f424d2f4e6f726d616c2f434120313e3e0d0a656e646f626a0d0a392030206f626a0d0a3c3c2f547970652f466f6e742f537562747970652f54727565547970652f4e616d652f46322f42617365466f6e742f417269616c4d542f456e636f64696e672f57696e416e7369456e636f64696e672f466f6e7444657363726970746f72203130203020522f4669727374436861722033322f4c617374436861722033322f57696474687320313135203020523e3e0d0a656e646f626a0d0a31302030206f626a0d0a3c3c2f547970652f466f6e7444657363726970746f722f466f6e744e616d652f417269616c4d542f466c6167732033322f4974616c6963416e676c6520302f417363656e74203930352f44657363656e74202d3231302f436170486569676874203732382f4176675769647468203434312f4d6178576964746820323636352f466f6e74576569676874203430302f58486569676874203235302f4c656164696e672033332f5374656d562034342f466f6e7442426f785b202d363635202d3231302032303030203732385d203e3e0d0a656e646f626a0d0a31312030206f626a0d0a3c3c2f547970652f506167652f506172656e742032203020522f5265736f75726365733c3c2f466f6e743c3c2f46312035203020522f46322039203020523e3e2f4578744753746174653c3c2f4753372037203020522f4753382038203020523e3e2f50726f635365745b2f5044462f546578742f496d616765422f496d616765432f496d616765495d203e3e2f4d65646961426f785b20302030203539352e3332203834312e39325d202f436f6e74656e7473203132203020522f47726f75703c3c2f547970652f47726f75702f532f5472616e73706172656e63792f43532f4465766963655247423e3e2f546162732f532f537472756374506172656e747320313e3e0d0a656e646f626a0d0a31322030206f626a0d0a3c3c2f46696c7465722f466c6174654465636f64652f4c656e67746820313236313e3e0d0a73747265616d0d0a789cbd9a6d6fdb3610c7df1bf077b897523a9fc5e3a386a6406c37418719c890007b11a780b1ba5981cde992ac40817df81d25dbb123316333b279259994eef8d35ff74005c6179f976b78fd7a3c9fbe9b4135fe79b9be8162b51ebd9b956fdec0643685bf86830a2bffe79c155081ae354a02a704d60477abe1e0d723580f0793cbe1607c2a40105c7e1c0efcd40a0458c28a1458edd01ab8fc93279d5d58b8b9e7fbc24d73e6366767c3c155715e8e64b1284e4a5d2c4a382e6d0115eaf21a2e7f1a0edeb28d5f8683ffeb932089e2c0a7c6958d0770680cdecea70087a4444e5252a3a38e571b2e33e6f24f29aa62528ec8132a47a6382e95a74489294989da85fc89a044392909c23a0469f2a81c975a39848a02d62390c88c484c5da1f84fdd4cbbba315974d3ef4e0423959391b1285c08d2f451372a8b6e02e623a0e89c509442eac6c13de56cb92c8a0a2d94b238f2417951f2110ba92e5e7921f9416a74e5475d3bba1b31dbcb140f24654b4ea211a15544b03539d99240a9426c4fb66fe5ac1cd93dcae78bc2ffd0fcda8c9f30345dc011ec2e1c299eef61f35563ff33ed9e5562bc54a395a18544e0b519f1eadaa10ee29db46c5b765ea7c7ad1acf3da9d19344ca6c9bccb1791299995a3475c8fb08a62e2753ab510773eb3486e9749fe9f4fb32edf73e82699d93a92634f6dbc200874a9b380ba9caa79f803331756fce1641fb40a3bfed5de68c2352572fb5af5e02cec430cad91ce8ca601d64d4ff6e566c270fa37e676218e56c0d945358c917b995a53ce73ab871cb0814dd825861845f294a62eaf8553fe71724964ce5d85ac858932f562cd6bb87256bf7d3fac10bfa2b9c96a658faacf21b8f3ddcde719ee18366f66923f9123ef294db3b5f08c16cc5c7eb9bbffd8d1af9fbcbfdc99795bfc71d9cf97b7f59ade1e2733912a2b87db887e5fa039bb1ed3c7f51e3c68f6957af84f6d1240e75af0272d6ff4a3a142f4a992267e9eca1c9ae5bf3897ff257bfff002b7e6ce27a9b2c93e74a4e002ee4440c9b9c75afacb99fec86def9ec8ad5dba0511ecd5e935fa5ce01daa00ef911832767092b0d27a86e0a38940eeda4937a03a4954ec0891836394b51a98c6f979f950e1d4a27f5abd54aa7df8f987dc59c55a824892e90a17c3e5914dbc8f37e55ca827ccad856ec4f42931fba8657dd11c67bd4005e1422719e25a75189d02a46a98dd5286dc858ea9571a8091bdb00f65077e12f7587e915ab836c63849bb335905585ae275dce9a9a690ba515edfefeefeec56f8b1f2e94c456b48723aad52ddfcea4976d2d1ad9f6af21b56cfd741b32967c65ee196373ae43b963bbe2c27427db76532fb174b54492914bee956ece8e8dacc5babb21d11373e13d74a2ee5e3bd0cee3d33d9da77d9aa246a3430ea7d629351bdb0163a95746e619638f51641b0b768453bf2e0aa98e5c73af50737e6223adb1ea96bb51c501772875e23aca38b441a76258e5fcd4469250bca8fca52ccdee661b862aae593a5ee9885d184ad1ec867661faddcab309d36feb3bedc12cf95d587f80f992df8f3f9a5d98a5b7e92ffeb484333edeecd0dc36f6ef53efc49046be2e0a77af087276f5c219942ffa3c4c39bb696124aaee97d5b6e4e69027da98b717e8b2f4d3013762e8e4eca7fd47959e8f78db8c29dab2eef03f2ef26cc6043c89f9b7949c1db510d6a7a9a07ce8a97cf26cc704dc88a193b36de37ac751583ed4271f995a3dac9b90237d7cfe059442ede90d0a656e6473747265616d0d0a656e646f626a0d0a31332030206f626a0d0a3c3c2f547970652f506167652f506172656e742032203020522f5265736f75726365733c3c2f466f6e743c3c2f46312035203020523e3e2f4578744753746174653c3c2f4753372037203020522f4753382038203020523e3e2f50726f635365745b2f5044462f546578742f496d616765422f496d616765432f496d616765495d203e3e2f4d65646961426f785b20302030203539352e3332203834312e39325d202f436f6e74656e7473203134203020522f47726f75703c3c2f547970652f47726f75702f532f5472616e73706172656e63792f43532f4465766963655247423e3e2f546162732f532f537472756374506172656e747320323e3e0d0a656e646f626a0d0a31342030206f626a0d0a3c3c2f46696c7465722f466c6174654465636f64652f4c656e677468203536363e3e0d0a73747265616d0d0a789cbd963d6fdb3010867701fa0f37524574e6f143a4802483ac2448510f458c76a85bc083eb76b0d08f253fbfa4e4147622da6a4bd61b29caf7dea3472261f6f06dddc1e5e56c31bf6f81cfdeacbb2db04d57deb7c5f53534ed1cbee71947ee7fd61a020ebad628055845580bf8b1c9b3f7afa0cbb3669967b35b0212b0fc9c677e29070223900b05465b34152c776ed1dd8381ed4ff7bfb0ed47763fbacbb30f6c5e9482dd16155bb12f74019bc2b055014559b1ab4231583445299f5dfb08cbd77976e3eabfcdb37fcd4b56a239cadbc7dca72b6317336864a858ecce6a8e56878a2dda15738007aeca718d5b5cb875aa9ed829dc2ce600c772524a39a5462b5ea43a54519c50512456713c5d2215c78b255271bcd8938a22ad8a933a1d5351a4549104d6274d24f804039aea48c7dd57af63b7628be6e9f3e8175c403ffe7d835f1fdd54616bac4d207c6451452db196815ab1fbaaab702d0f9c06e2add7f4604f72d08bd230efb1deb32fb59b8fadb2928444d3588c992c139a5cb9779cce98fccee181033e70e5f0c16efdd883730c89b3c6dff10cee7f30da2de7146822bad1d6bf3de3b522f72539856bed1c70626b27f3e391d49ef0f02576ecf7d3e2707a7804b1ddb6187a0013d45629d5ae0c92fd9b543a652aa550bc3c5b9d395073ac6ce4cd5d93df5803712640aa5242128452fde9518fa38ccc48f5878f409a098c4c4246da7d8ff46946a14308471ddb26a35155a14c1348d994a45c387deeb836bec97154b141891ed478a43150bf00b5f41d870d0a656e6473747265616d0d0a656e646f626a0d0a31352030206f626a0d0a3c3c2f417574686f722844562032332d3129202f43726561746f7228feff004d006900630072006f0073006f0066007400ae00200057006f0072006400200066006f00720020004d006900630072006f0073006f00660074002000330036003529202f4372656174696f6e4461746528443a32303233313032363232333930342b30372730302729202f4d6f644461746528443a32303233313032363232333930342b30372730302729202f50726f647563657228feff004d006900630072006f0073006f0066007400ae00200057006f0072006400200066006f00720020004d006900630072006f0073006f00660074002000330036003529203e3e0d0a656e646f626a0d0a32332030206f626a0d0a3c3c2f547970652f4f626a53746d2f4e2039322f4669727374203732382f46696c7465722f466c6174654465636f64652f4c656e67746820313239353e3e0d0a73747265616d0d0a789cb558db6e1349107d47e21fea0f66aaef2d212476018180282291f601f16092d960e178907124f8fb3d3535498cd436712d48966b2ee75475579dea9969c7d4930b14995c24ee1db94a1c3d795cee13b9422ee15e228ffb9ec9d71e8714020e3d85eac8831d4088146b209f28052033a59ac917caa18244a56702aac0750854fb4cc1514d38eb252c4e253cdc8544cc80840c5b138542ecf00737ecfb9e22f03e3a1931871eb11d6c4c04c71cfb82b1c026e0e02f3170f0971270f09719a3032fa74209bce21c01ca258387381563c2905c8fe181e2fa58294572cc4c29c3e226a8ce71c4f460713123519e2b6564c9e32f2385c179caf01372c4fc9159cc0f872e66e090d4844466f84b251042bb8c7415f032925bc02b484681bf8a7a80e22ae200ea7b2f19842d89f0f32c89459619792b0575111ed2ed6a21a99347922a0a25799a2a8524542915f724d589980fa03e31f0f0973048a96146512afc14288091735f9008eea5fac8a8a8c4d724f592f281cbf01f7a4c9e41088cd9b31498b360503a87f9a3b838c06c18c183470624abc163becc2228088859d4811939402226877aa1a60899516f6494a5be12b0c2a272a85f942427e0324bfc4985819e3ce94ec54b4fefbbb3eeb43bfff175e8ceb69b9b8bed8bd570ddbdf940fd47ea4eafc80be6e9d3c78f1e40e1e329ae492933e5eda7558be40f93fe1a2f7fb468a1494bb7b4d7cdf155b92ded0e73707a6fbb6750e874d2f2537ee9a0999f783c251d4fc9c753caf1946a509445850619725b8787394d1962893ca85d6eaaf09eb54fbcdc5442e80faa374c6879a23c44bd81f7a95787674891418b6c10231bd4c806393a831c9d655534c8d1b557c5c39cf69278986358929c4107cea003d7d441ba1379bb255d5309f7ac7d2de99b6a8877cfa1664ba6a9c9e4f5ea212d19ebbe964cbf7e223553e40d72f40639ceb9613efefde1288e3370bc81130c9c68e02403271b38c5c0a9969a9a84605102b7a550f8170fe4b61aee697b9fc86d49e47ab0ffcbd4f8f21973d7befb66290b40e9f72d003a404b9e2cb2648b2ed9224cb628932dd27416693ad3226559a59c6599726d51d674b8095c5b13f7b47d4de0dabaa8e16013d4e93b49bead1fd40435ee6b021da0254f16693a8b349d459ade224d6f91e66d20c377fe511c67e07803271838d1c049064e36704a93c3b78df97cbcb8b91ed6dbf6523575990b6aa29a89295b9593d1a791d7ef44af48af483f23b5577d51a3fb21fadd299b929351645064506450645464d47851e3458d17355e542f51bd44f5a2afd1b2dd38194526452685a419a281b206ca1a286ba0acf4acf4acf4ac81b27ac9ea451fdbb28d3819451645164516451645568d57355ed57855e3e9f2277b8462648b502dcfd6cdd6cf36cc36cd36cfb6cc76f6c3b31f9efdf0ec87e79789591e3b5238df0cc3fb71dc76efc7d5f06ef155760a4538a78b0d44237765cf50ae4ccfc3dbc5f4eeeec9f07dfb66f8417e76fd12bed6e376e84ee4efc5faf2fee41cd04fe3f7ee6cb8d876af86c5e5b0d163e1dc1ebf5eaf96ebe1ecf3424628179eade161b15d8eebf97cb35dfebbc0c174f6cfb8f9f2691cbfdccb5cae7cfb3c0c5b19e4b67bb7b8d88c3be77f7fc6ffcef9f3e562355eed5c385b2d2f871dacc601ec6ab3b8ee5e2eaf6e3698ca72bb1aba573c4ffae4e6fa1b164ad94d9dd22ddba9532b4dfba9bb993f595c0fdf3ee8e9befedbdd50fcdf6db8bbbff327bbf1a7afd69f9bf223c95cff6067fef4c6fcbb1a74f705e4817daa13fd6dcdfaf8d17fb29d79620d0a656e6473747265616d0d0a656e646f626a0d0a32372030206f626a0d0a3c3c2f4f2f4c6973742f4c6973744e756d626572696e672f446563696d616c3e3e0d0a656e646f626a0d0a34312030206f626a0d0a3c3c2f4f2f4c6973742f4c6973744e756d626572696e672f446563696d616c3e3e0d0a656e646f626a0d0a35392030206f626a0d0a3c3c2f4f2f4c6973742f4c6973744e756d626572696e672f446563696d616c3e3e0d0a656e646f626a0d0a38302030206f626a0d0a3c3c2f4f2f4c6973742f4c6973744e756d626572696e672f446563696d616c3e3e0d0a656e646f626a0d0a39352030206f626a0d0a3c3c2f4f2f4c6973742f4c6973744e756d626572696e672f446563696d616c3e3e0d0a656e646f626a0d0a3131342030206f626a0d0a5b2032353020302030203020302030203020313830203333332033333320353030203536342032353020333333203235302032373820353030203530302035303020353030203530302035303020353030203530302035303020353030203237382030203020353634203020302030203732322036363720363637203732322036313120353536203732322030203333332030203020302038383920373232203020353536203020363637203535362030203020373232203934342030203020302033333320302033333320343639203020302034343420353030203434342035303020343434203333332035303020353030203237382030203020323738203737382035303020353030203530302030203333332033383920323738203530302035303020373232203530302035303020302030203230302030203534315d200d0a656e646f626a0d0a3131352030206f626a0d0a5b203237385d200d0a656e646f626a0d0a3131362030206f626a0d0a3c3c2f547970652f4d657461646174612f537562747970652f584d4c2f4c656e67746820333038333e3e0d0a73747265616d0d0a3c3f787061636b657420626567696e3d22efbbbf222069643d2257354d304d7043656869487a7265537a4e54637a6b633964223f3e3c783a786d706d65746120786d6c6e733a783d2261646f62653a6e733a6d6574612f2220783a786d70746b3d22332e312d373031223e0a3c7264663a52444620786d6c6e733a7264663d22687474703a2f2f7777772e77332e6f72672f313939392f30322f32322d7264662d73796e7461782d6e7323223e0a3c7264663a4465736372697074696f6e207264663a61626f75743d22222020786d6c6e733a7064663d22687474703a2f2f6e732e61646f62652e636f6d2f7064662f312e332f223e0a3c7064663a50726f64756365723e4d6963726f736f6674c2ae20576f726420666f72204d6963726f736f6674203336353c2f7064663a50726f64756365723e3c2f7264663a4465736372697074696f6e3e0a3c7264663a4465736372697074696f6e207264663a61626f75743d22222020786d6c6e733a64633d22687474703a2f2f7075726c2e6f72672f64632f656c656d656e74732f312e312f223e0a3c64633a63726561746f723e3c7264663a5365713e3c7264663a6c693e44562032332d313c2f7264663a6c693e3c2f7264663a5365713e3c2f64633a63726561746f723e3c2f7264663a4465736372697074696f6e3e0a3c7264663a4465736372697074696f6e207264663a61626f75743d22222020786d6c6e733a786d703d22687474703a2f2f6e732e61646f62652e636f6d2f7861702f312e302f223e0a3c786d703a43726561746f72546f6f6c3e4d6963726f736f6674c2ae20576f726420666f72204d6963726f736f6674203336353c2f786d703a43726561746f72546f6f6c3e3c786d703a437265617465446174653e323032332d31302d32365432323a33393a30342b30373a30303c2f786d703a437265617465446174653e3c786d703a4d6f64696679446174653e323032332d31302d32365432323a33393a30342b30373a30303c2f786d703a4d6f64696679446174653e3c2f7264663a4465736372697074696f6e3e0a3c7264663a4465736372697074696f6e207264663a61626f75743d22222020786d6c6e733a786d704d4d3d22687474703a2f2f6e732e61646f62652e636f6d2f7861702f312e302f6d6d2f223e0a3c786d704d4d3a446f63756d656e7449443e757569643a34463445393342362d433144422d343445422d424443422d4336433243384344433939393c2f786d704d4d3a446f63756d656e7449443e3c786d704d4d3a496e7374616e636549443e757569643a34463445393342362d433144422d343445422d424443422d4336433243384344433939393c2f786d704d4d3a496e7374616e636549443e3c2f7264663a4465736372697074696f6e3e0a202020202020202020202020202020202020202020202020202020202020202020202020202020202020202020202020202020202020202020202020202020202020202020202020202020202020202020202020202020202020202020202020202020200a202020202020202020202020202020202020202020202020202020202020202020202020202020202020202020202020202020202020202020202020202020202020202020202020202020202020202020202020202020202020202020202020202020200a202020202020202020202020202020202020202020202020202020202020202020202020202020202020202020202020202020202020202020202020202020202020202020202020202020202020202020202020202020202020202020202020202020200a202020202020202020202020202020202020202020202020202020202020202020202020202020202020202020202020202020202020202020202020202020202020202020202020202020202020202020202020202020202020202020202020202020200a202020202020202020202020202020202020202020202020202020202020202020202020202020202020202020202020202020202020202020202020202020202020202020202020202020202020202020202020202020202020202020202020202020200a202020202020202020202020202020202020202020202020202020202020202020202020202020202020202020202020202020202020202020202020202020202020202020202020202020202020202020202020202020202020202020202020202020200a202020202020202020202020202020202020202020202020202020202020202020202020202020202020202020202020202020202020202020202020202020202020202020202020202020202020202020202020202020202020202020202020202020200a202020202020202020202020202020202020202020202020202020202020202020202020202020202020202020202020202020202020202020202020202020202020202020202020202020202020202020202020202020202020202020202020202020200a202020202020202020202020202020202020202020202020202020202020202020202020202020202020202020202020202020202020202020202020202020202020202020202020202020202020202020202020202020202020202020202020202020200a202020202020202020202020202020202020202020202020202020202020202020202020202020202020202020202020202020202020202020202020202020202020202020202020202020202020202020202020202020202020202020202020202020200a202020202020202020202020202020202020202020202020202020202020202020202020202020202020202020202020202020202020202020202020202020202020202020202020202020202020202020202020202020202020202020202020202020200a202020202020202020202020202020202020202020202020202020202020202020202020202020202020202020202020202020202020202020202020202020202020202020202020202020202020202020202020202020202020202020202020202020200a202020202020202020202020202020202020202020202020202020202020202020202020202020202020202020202020202020202020202020202020202020202020202020202020202020202020202020202020202020202020202020202020202020200a202020202020202020202020202020202020202020202020202020202020202020202020202020202020202020202020202020202020202020202020202020202020202020202020202020202020202020202020202020202020202020202020202020200a202020202020202020202020202020202020202020202020202020202020202020202020202020202020202020202020202020202020202020202020202020202020202020202020202020202020202020202020202020202020202020202020202020200a202020202020202020202020202020202020202020202020202020202020202020202020202020202020202020202020202020202020202020202020202020202020202020202020202020202020202020202020202020202020202020202020202020200a202020202020202020202020202020202020202020202020202020202020202020202020202020202020202020202020202020202020202020202020202020202020202020202020202020202020202020202020202020202020202020202020202020200a202020202020202020202020202020202020202020202020202020202020202020202020202020202020202020202020202020202020202020202020202020202020202020202020202020202020202020202020202020202020202020202020202020200a202020202020202020202020202020202020202020202020202020202020202020202020202020202020202020202020202020202020202020202020202020202020202020202020202020202020202020202020202020202020202020202020202020200a202020202020202020202020202020202020202020202020202020202020202020202020202020202020202020202020202020202020202020202020202020202020202020202020202020202020202020202020202020202020202020202020202020200a3c2f7264663a5244463e3c2f783a786d706d6574613e3c3f787061636b657420656e643d2277223f3e0d0a656e6473747265616d0d0a656e646f626a0d0a3131372030206f626a0d0a3c3c2f446973706c6179446f635469746c6520747275653e3e0d0a656e646f626a0d0a3131382030206f626a0d0a3c3c2f547970652f585265662f53697a65203131382f575b2031203420325d202f526f6f742031203020522f496e666f203135203020522f49445b3c42363933344534464442433145423434424443424336433243384344433939393e3c42363933344534464442433145423434424443424336433243384344433939393e5d202f46696c7465722f466c6174654465636f64652f4c656e677468203237393e3e0d0a73747265616d0d0a789c35d23956423114c6f1f014780c0e0f1fa2028e3821cee28438cf0ace73e57aecdd81c71db0005a4b4b0b4b0b1781c9fd9b14f99d9c9bdcef16514aaf4623a0774f29c31bfc0a8e23844bf023b89f42c485327c0bd1ba10fb123c5f48e4045fb7d6fd544addc02ddcc13d5cc3ffcd07fd2e59b3a7003810d2b574c1d682d004cd10061722108518c4a1055aa10d3a4cc2b34d48403b78e043123a21055dd00d3d90860c64a117faa01f7226fdd5a60fc1000cc2308cc0283cc2188c431e26a000933005d33003b33007f3b06446fab0232dc2021461195660154ab0066558870dd8842dd8d34119658376611b76601f0ee0108ee0184ee0094ea10255388373b8804bb8324314e5ef665fe05dc88794fa030e8e28510d0a656e6473747265616d0d0a656e646f626a0d0a787265660d0a30203131390d0a3030303030303030313620363535333520660d0a30303030303030303137203030303030206e0d0a30303030303030313635203030303030206e0d0a30303030303030323335203030303030206e0d0a30303030303030353134203030303030206e0d0a30303030303031383531203030303030206e0d0a30303030303032303233203030303030206e0d0a30303030303032323539203030303030206e0d0a30303030303032333132203030303030206e0d0a30303030303032333635203030303030206e0d0a30303030303032353237203030303030206e0d0a30303030303032373534203030303030206e0d0a30303030303033303335203030303030206e0d0a30303030303034333732203030303030206e0d0a30303030303034363434203030303030206e0d0a30303030303035323835203030303030206e0d0a3030303030303030313720363535333520660d0a3030303030303030313820363535333520660d0a3030303030303030313920363535333520660d0a3030303030303030323020363535333520660d0a3030303030303030323120363535333520660d0a3030303030303030323220363535333520660d0a3030303030303030323320363535333520660d0a3030303030303030323420363535333520660d0a3030303030303030323520363535333520660d0a3030303030303030323620363535333520660d0a3030303030303030323820363535333520660d0a30303030303036393536203030303030206e0d0a3030303030303030323920363535333520660d0a3030303030303030333020363535333520660d0a3030303030303030333120363535333520660d0a3030303030303030333220363535333520660d0a3030303030303030333320363535333520660d0a3030303030303030333420363535333520660d0a3030303030303030333520363535333520660d0a3030303030303030333620363535333520660d0a3030303030303030333720363535333520660d0a3030303030303030333820363535333520660d0a3030303030303030333920363535333520660d0a3030303030303030343020363535333520660d0a3030303030303030343220363535333520660d0a30303030303037303039203030303030206e0d0a3030303030303030343320363535333520660d0a3030303030303030343420363535333520660d0a3030303030303030343520363535333520660d0a3030303030303030343620363535333520660d0a3030303030303030343720363535333520660d0a3030303030303030343820363535333520660d0a3030303030303030343920363535333520660d0a3030303030303030353020363535333520660d0a3030303030303030353120363535333520660d0a3030303030303030353220363535333520660d0a3030303030303030353320363535333520660d0a3030303030303030353420363535333520660d0a3030303030303030353520363535333520660d0a3030303030303030353620363535333520660d0a3030303030303030353720363535333520660d0a3030303030303030353820363535333520660d0a3030303030303030363020363535333520660d0a30303030303037303632203030303030206e0d0a3030303030303030363120363535333520660d0a3030303030303030363220363535333520660d0a3030303030303030363320363535333520660d0a3030303030303030363420363535333520660d0a3030303030303030363520363535333520660d0a3030303030303030363620363535333520660d0a3030303030303030363720363535333520660d0a3030303030303030363820363535333520660d0a3030303030303030363920363535333520660d0a3030303030303030373020363535333520660d0a3030303030303030373120363535333520660d0a3030303030303030373220363535333520660d0a3030303030303030373320363535333520660d0a3030303030303030373420363535333520660d0a3030303030303030373520363535333520660d0a3030303030303030373620363535333520660d0a3030303030303030373720363535333520660d0a3030303030303030373820363535333520660d0a3030303030303030373920363535333520660d0a3030303030303030383120363535333520660d0a30303030303037313135203030303030206e0d0a3030303030303030383220363535333520660d0a3030303030303030383320363535333520660d0a3030303030303030383420363535333520660d0a3030303030303030383520363535333520660d0a3030303030303030383620363535333520660d0a3030303030303030383720363535333520660d0a3030303030303030383820363535333520660d0a3030303030303030383920363535333520660d0a3030303030303030393020363535333520660d0a3030303030303030393120363535333520660d0a3030303030303030393220363535333520660d0a3030303030303030393320363535333520660d0a3030303030303030393420363535333520660d0a3030303030303030393620363535333520660d0a30303030303037313638203030303030206e0d0a3030303030303030393720363535333520660d0a3030303030303030393820363535333520660d0a3030303030303030393920363535333520660d0a3030303030303031303020363535333520660d0a3030303030303031303120363535333520660d0a3030303030303031303220363535333520660d0a3030303030303031303320363535333520660d0a3030303030303031303420363535333520660d0a3030303030303031303520363535333520660d0a3030303030303031303620363535333520660d0a3030303030303031303720363535333520660d0a3030303030303031303820363535333520660d0a3030303030303031303920363535333520660d0a3030303030303031313020363535333520660d0a3030303030303031313120363535333520660d0a3030303030303031313220363535333520660d0a3030303030303031313320363535333520660d0a3030303030303030303020363535333520660d0a30303030303037323231203030303030206e0d0a30303030303037353633203030303030206e0d0a30303030303037353931203030303030206e0d0a30303030303130373538203030303030206e0d0a30303030303130383034203030303030206e0d0a747261696c65720d0a3c3c2f53697a65203131392f526f6f742031203020522f496e666f203135203020522f49445b3c42363933344534464442433145423434424443424336433243384344433939393e3c42363933344534464442433145423434424443424336433243384344433939393e5d203e3e0d0a7374617274787265660d0a31313238360d0a2525454f460d0a787265660d0a3020300d0a747261696c65720d0a3c3c2f53697a65203131392f526f6f742031203020522f496e666f203135203020522f49445b3c42363933344534464442433145423434424443424336433243384344433939393e3c42363933344534464442433145423434424443424336433243384344433939393e5d202f507265762031313238362f5852656653746d2031303830343e3e0d0a7374617274787265660d0a31333832350d0a2525454f46, 'pdf');

-- --------------------------------------------------------

--
-- Table structure for table `msforum`
--

CREATE TABLE `msforum` (
  `ForumID` char(36) NOT NULL,
  `ForumText` varchar(1000) NOT NULL,
  `CreatedAt` datetime NOT NULL
) ENGINE=InnoDB DEFAULT CHARSET=utf8mb4;

--
-- Dumping data for table `msforum`
--

INSERT INTO `msforum` (`ForumID`, `ForumText`, `CreatedAt`) VALUES
('37ef1c07-d99f-4e2a-8d27-8f5f0a49a764', 'test', '2023-11-11 05:08:57'),
('b5d1c39c-cf15-4291-b8a8-f4fe745f661c', 'hello', '2023-11-11 05:09:00'),
('d3d532f3-06a1-4e45-b029-b82910015733', 'wuidiih', '2023-11-11 05:09:10'),
('d902958e-b521-4920-abbc-c11ff9ee64f0', 'keren kali gw', '2023-11-11 05:09:05');

-- --------------------------------------------------------

--
-- Table structure for table `mstask`
--

CREATE TABLE `mstask` (
  `TaskID` char(36) NOT NULL,
  `UserID` char(36) NOT NULL,
  `TaskTitle` varchar(255) NOT NULL,
  `TaskDesc` varchar(1000) NOT NULL,
  `CreatedAt` datetime NOT NULL,
  `DeadlineAt` datetime NOT NULL,
  `Scored` tinyint(1) DEFAULT 0
) ENGINE=InnoDB DEFAULT CHARSET=utf8mb4;

--
-- Dumping data for table `mstask`
--

INSERT INTO `mstask` (`TaskID`, `UserID`, `TaskTitle`, `TaskDesc`, `CreatedAt`, `DeadlineAt`, `Scored`) VALUES
('4c479560-765b-4664-8c4e-17b9d6b0eb53', '4ae58729-b9bf-4eb0-bd1c-995c5ae3f170', 'ILHAM HILANG!', 'Cari dimana ilham menghilang dan dapatkan hadiah 200 Miliar Rupiah!', '2023-11-11 09:26:21', '2023-11-11 23:59:59', 1);

-- --------------------------------------------------------

--
-- Table structure for table `msuser`
--

CREATE TABLE `msuser` (
  `UserID` char(36) NOT NULL,
  `UserName` varchar(255) NOT NULL,
  `UserEmail` varchar(255) NOT NULL,
  `UserPassword` varchar(255) NOT NULL,
  `UserAge` int(11) NOT NULL,
  `UserProfile` blob DEFAULT NULL
) ENGINE=InnoDB DEFAULT CHARSET=utf8mb4;

--
-- Dumping data for table `msuser`
--

INSERT INTO `msuser` (`UserID`, `UserName`, `UserEmail`, `UserPassword`, `UserAge`, `UserProfile`) VALUES
('4ae58729-b9bf-4eb0-bd1c-995c5ae3f170', 'Dep', 'dep@gmail.com', 'hello1234', 18, NULL),
('d64dafd6-c3ef-4a64-a585-a7eb3581c623', 'wl', 'wl@gmail.com', 'wl123456', 18, NULL);

-- --------------------------------------------------------

--
-- Table structure for table `task_answer`
--

CREATE TABLE `task_answer` (
  `TaskID` char(36) NOT NULL,
  `FileID` char(36) NOT NULL,
  `UserID` char(36) NOT NULL
) ENGINE=InnoDB DEFAULT CHARSET=utf8mb4;

--
-- Dumping data for table `task_answer`
--

INSERT INTO `task_answer` (`TaskID`, `FileID`, `UserID`) VALUES
('4c479560-765b-4664-8c4e-17b9d6b0eb53', '3635b5da-ddda-4aeb-aa4a-ac8c47a23fc1', '4ae58729-b9bf-4eb0-bd1c-995c5ae3f170');

--
-- Indexes for dumped tables
--

--
-- Indexes for table `authcheck`
--
ALTER TABLE `authcheck`
  ADD PRIMARY KEY (`DeviceName`),
  ADD KEY `UserID` (`UserID`);

--
-- Indexes for table `class_forum`
--
ALTER TABLE `class_forum`
  ADD PRIMARY KEY (`ClassID`,`ForumID`),
  ADD KEY `ForumID` (`ForumID`),
  ADD KEY `UserID` (`UserID`);

--
-- Indexes for table `class_member`
--
ALTER TABLE `class_member`
  ADD PRIMARY KEY (`ClassID`,`UserID`),
  ADD KEY `UserID` (`UserID`);

--
-- Indexes for table `class_task`
--
ALTER TABLE `class_task`
  ADD PRIMARY KEY (`ClassID`,`TaskID`),
  ADD KEY `TaskID` (`TaskID`);

--
-- Indexes for table `msclass`
--
ALTER TABLE `msclass`
  ADD PRIMARY KEY (`ClassID`);

--
-- Indexes for table `msfile`
--
ALTER TABLE `msfile`
  ADD PRIMARY KEY (`FileID`);

--
-- Indexes for table `msforum`
--
ALTER TABLE `msforum`
  ADD PRIMARY KEY (`ForumID`);

--
-- Indexes for table `mstask`
--
ALTER TABLE `mstask`
  ADD PRIMARY KEY (`TaskID`),
  ADD KEY `UserID` (`UserID`);

--
-- Indexes for table `msuser`
--
ALTER TABLE `msuser`
  ADD PRIMARY KEY (`UserID`),
  ADD UNIQUE KEY `UserEmail` (`UserEmail`);

--
-- Indexes for table `task_answer`
--
ALTER TABLE `task_answer`
  ADD PRIMARY KEY (`TaskID`,`FileID`),
  ADD KEY `FileID` (`FileID`),
  ADD KEY `UserID` (`UserID`);

--
-- Constraints for dumped tables
--

--
-- Constraints for table `authcheck`
--
ALTER TABLE `authcheck`
  ADD CONSTRAINT `authcheck_ibfk_1` FOREIGN KEY (`UserID`) REFERENCES `msuser` (`UserID`);

--
-- Constraints for table `class_forum`
--
ALTER TABLE `class_forum`
  ADD CONSTRAINT `class_forum_ibfk_1` FOREIGN KEY (`ClassID`) REFERENCES `msclass` (`ClassID`),
  ADD CONSTRAINT `class_forum_ibfk_2` FOREIGN KEY (`ForumID`) REFERENCES `msforum` (`ForumID`),
  ADD CONSTRAINT `class_forum_ibfk_3` FOREIGN KEY (`UserID`) REFERENCES `msuser` (`UserID`);

--
-- Constraints for table `class_member`
--
ALTER TABLE `class_member`
  ADD CONSTRAINT `FK_Classroom` FOREIGN KEY (`ClassID`) REFERENCES `msclass` (`ClassID`) ON DELETE CASCADE,
  ADD CONSTRAINT `class_member_ibfk_1` FOREIGN KEY (`ClassID`) REFERENCES `msclass` (`ClassID`),
  ADD CONSTRAINT `class_member_ibfk_2` FOREIGN KEY (`UserID`) REFERENCES `msuser` (`UserID`);

--
-- Constraints for table `class_task`
--
ALTER TABLE `class_task`
  ADD CONSTRAINT `class_task_ibfk_1` FOREIGN KEY (`ClassID`) REFERENCES `msclass` (`ClassID`),
  ADD CONSTRAINT `class_task_ibfk_2` FOREIGN KEY (`TaskID`) REFERENCES `mstask` (`TaskID`);

--
-- Constraints for table `mstask`
--
ALTER TABLE `mstask`
  ADD CONSTRAINT `mstask_ibfk_1` FOREIGN KEY (`UserID`) REFERENCES `msuser` (`UserID`);

--
-- Constraints for table `task_answer`
--
ALTER TABLE `task_answer`
  ADD CONSTRAINT `task_answer_ibfk_1` FOREIGN KEY (`TaskID`) REFERENCES `mstask` (`TaskID`),
  ADD CONSTRAINT `task_answer_ibfk_2` FOREIGN KEY (`FileID`) REFERENCES `msfile` (`FileID`),
  ADD CONSTRAINT `task_answer_ibfk_3` FOREIGN KEY (`UserID`) REFERENCES `msuser` (`UserID`);
COMMIT;

/*!40101 SET CHARACTER_SET_CLIENT=@OLD_CHARACTER_SET_CLIENT */;
/*!40101 SET CHARACTER_SET_RESULTS=@OLD_CHARACTER_SET_RESULTS */;
/*!40101 SET COLLATION_CONNECTION=@OLD_COLLATION_CONNECTION */;
